"","Short","Short2","Genus_species","Synonym","Update","Update_comment","Genus_species_ECF"
"1","-","",NA,"FALSE",NA,NA,"-"
"2","(?)","",NA,"FALSE",NA,NA,"(?)"
"3","?","",NA,"FALSE",NA,NA,"?"
"4"," A . dugesii","A   dugesii","Allotoca dugesii","FALSE",NA,NA,"Allotoca dugesii"
"5"," A. 'fasciatus'","A   fasciatus ","Astyanax fasciatus","FALSE","Astyanax mexicanus","Some taxonomic uncertainty with this record. Currently in the locality it is considered as A. mexicanus","Astyanax mexicanus"
"6"," A. aeneus","A  aeneus","Astyanax aeneus","FALSE",NA,NA,"Astyanax aeneus"
"7","A. aeneus","A  aeneus","Astyanax aeneus","FALSE",NA,NA,"Astyanax aeneus"
"8","A. aphanea","A  aphanea","Algansea aphanea","FALSE",NA,NA,"Algansea aphanea"
"9","A. balsana","A  balsana","Atherinella balsana","FALSE",NA,NA,"Atherinella balsana"
"10","A. catarinae","A  catarinae","Allotoca catarinae","FALSE",NA,NA,"Allotoca catarinae"
"11","A. diazi","A  diazi","Allotoca diazi","FALSE",NA,NA,"Allotoca diazi"
"12"," A. dugesii","A  dugesii","Allotoca dugesii","FALSE",NA,NA,"Allotoca dugesii"
"13","A. dugesii","A  dugesii","Allotoca dugesii","FALSE",NA,NA,"Allotoca dugesii"
"14","A. goslinei","A  goslinei","Allotoca goslinei","FALSE",NA,NA,"Allotoca goslinei"
"15"," A. hubbsi","A  hubbsi","Allodontichthys hubbsi","FALSE",NA,NA,"Allodontichthys hubbsi"
"16","A. hubbsi","A  hubbsi","Allodontichthys hubbsi","FALSE",NA,NA,"Allodontichthys hubbsi"
"17","A. maculata","A  maculata","Allotoca maculata","FALSE",NA,NA,"Allotoca maculata"
"18"," A. meeki","A  meeki","Allotoca meeki","FALSE",NA,NA,"Allotoca meeki"
"19","A. mexicanus","A  mexicanus","Astyanax mexicanus","FALSE",NA,NA,"Astyanax mexicanus"
"20"," A. monticola","A  monticola","A monticola","FALSE",NA,NA,"A monticola"
"21","A. monticola","A  monticola","A monticola","FALSE",NA,NA,"A monticola"
"22","A. nigrofasciatus","A  nigrofasciatus","Archocentrus nigrofasciatus","TRUE","Amatitlania nigrofasciata",NA,"Amatitlania nigrofasciata"
"23"," A. polylepis","A  polylepis","Allodontichthys polylepis","FALSE",NA,NA,"Allodontichthys polylepis"
"24","A. polylepis","A  polylepis","Allodontichthys polylepis","FALSE",NA,NA,"Allodontichthys polylepis"
"25","A. popoche","A  popoche","Algansea popoche","FALSE",NA,NA,"Algansea popoche"
"26"," A. robustus","A  robustus","Alloophorus robustus","FALSE",NA,NA,"Alloophorus robustus"
"27","A. robustus","A  robustus","Alloophorus robustus","FALSE",NA,NA,"Alloophorus robustus"
"28"," (A. robustus?","A  robustus ","Alloophorus robustus","FALSE",NA,NA,"Alloophorus robustus"
"29"," A. sallaei","A  sallaei","Aztecula sallaei","FALSE",NA,NA,"Aztecula sallaei"
"30","A. sallaei","A  sallaei","Aztecula sallaei","FALSE",NA,NA,"Aztecula sallaei"
"31","A. splendens","A  splendens","Ameca splendens","FALSE",NA,NA,"Ameca splendens"
"32"," A. tamazulae","A  tamazulae","Allodontichthys tamazulae","FALSE",NA,NA,"Allodontichthys tamazulae"
"33","A. tamazulae","A  tamazulae","Allodontichthys tamazulae","FALSE",NA,NA,"Allodontichthys tamazulae"
"34","  A. tincella","A  tincella","Algansea tincella","FALSE",NA,NA,"Algansea tincella"
"35"," A. tincella","A  tincella","Algansea tincella","FALSE",NA,NA,"Algansea tincella"
"36","A. tincella","A  tincella","Algansea tincella","FALSE",NA,NA,"Algansea tincella"
"37"," A. toweri","A  toweri","Ataeniobius toweri","FALSE",NA,NA,"Ataeniobius toweri"
"38"," A. zacapuensis","A  zacapuensis","Allotoca zacapuensis","FALSE",NA,NA,"Allotoca zacapuensis"
"39"," A. zonistius","A  zonistius","Allodontichthys zonistius","FALSE",NA,NA,"Allodontichthys zonistius"
"40","A. zonistius","A  zonistius","Allodontichthys zonistius","FALSE",NA,NA,"Allodontichthys zonistius"
"41","Astyanax sp.","Astyanax sp","Astyanax sp","FALSE",NA,NA,"Astyanax sp"
"42"," bagre y lobina","bagre y lobina","Bagre sp & Micropterus salmoides","FALSE",NA,NA,"Bagre sp & Micropterus salmoides"
"43"," 'C'. bartoni","C   bartoni","Cichlasoma bartoni","TRUE","Herichthys bartoni",NA,"Herichthys bartoni"
"44"," 'C'. labridens","C   labridens","Cichlasoma labridens","TRUE","Herichthys labridens",NA,"Herichthys labridens"
"45","C. audax","C  audax","Characodon audax","FALSE",NA,NA,"Characodon audax"
"46","C. auratus","C  auratus","Carassius auratus","FALSE",NA,NA,"Carassius auratus"
"47"," C. bartoni","C  bartoni","Cichlasoma bartoni","TRUE","Herichthys bartoni",NA,"Herichthys bartoni"
"48"," C. beani","C  beani","Cichlasoma beani","TRUE","Mayaheros beani",NA,"Mayaheros beani"
"49","C. beani","C  beani","Cichlasoma beani","TRUE","Mayaheros beani",NA,"Mayaheros beani"
"50"," C. carpio","C  carpio","Cyprinus carpio","FALSE",NA,NA,"Cyprinus carpio"
"51","C. carpio","C  carpio","Cyprinus carpio","FALSE",NA,NA,"Cyprinus carpio"
"52"," C. carpio (sin georreferencia)","C  carpio  sin georreferencia ","Cyprinus carpio","FALSE",NA,NA,"Cyprinus carpio"
"53"," C. encaustus","C  encaustus","Chapalichthys encaustus","FALSE",NA,NA,"Chapalichthys encaustus"
"54","C. encaustus","C  encaustus","Chapalichthys encaustus","FALSE",NA,NA,"Chapalichthys encaustus"
"55"," C. istlanum","C  istlanum","Cichlasoma istlanum","TRUE","Amphilophus istlanus",NA,"Amphilophus istlanus"
"56","(C. istlanum","C  istlanum","Cichlasoma istlanum","TRUE","Amphilophus istlanus",NA,"Amphilophus istlanus"
"57","C. istlanum","C  istlanum","Cichlasoma istlanum","TRUE","Amphilophus istlanus",NA,"Amphilophus istlanus"
"58"," C. labridens","C  labridens","Cichlasoma labridens","TRUE","Herichthys labridens",NA,"Herichthys labridens"
"59","C. lateralis","C  lateralis","Characodon lateralis","FALSE",NA,NA,"Characodon lateralis"
"60"," C. meeki","C  meeki","Cyprinodon meeki","FALSE",NA,NA,"Cyprinodon meeki"
"61"," C. pardalis","C  pardalis","Chapalichthys pardalis","FALSE",NA,NA,"Chapalichthys pardalis"
"62","C. pardalis","C  pardalis","Chapalichthys pardalis","FALSE",NA,NA,"Chapalichthys pardalis"
"63"," C. tessellatus","C  tessellatus","Cualac tessellatus","FALSE",NA,NA,"Cualac tessellatus"
"64","carpa","carpa","Cyprinus carpio","FALSE",NA,NA,"Cyprinus carpio"
"65","carpas","carpas","Cyprinus carpio","FALSE",NA,NA,"Cyprinus carpio"
"66","confirmamos la presencia de Z. tequila y A. splendens","confirmamos la presencia de Z  tequila y A  splendens","Zoogoneticus tequila y Ameca splendens","FALSE",NA,NA,"Zoogoneticus tequila y Ameca splendens"
"67"," D. dichroma","D  dichroma","Dionda dichroma","TRUE","Tampichthys dichroma",NA,"Tampichthys dichroma"
"68"," D. mandibularis","D  mandibularis","Dionda mandibularis","TRUE","Tampichthys mandibularis",NA,"Tampichthys mandibularis"
"69","encontrada seca","encontrada seca","Dry",NA,NA,NA,"Dry"
"70"," es la localidad?","es la localidad ","is the locality",NA,NA,NA,"is the locality"
"71","G. affinis","G  affinis","Gambusia affinis","FALSE",NA,NA,"Gambusia affinis"
"72","  G. atripinnis","G  atripinnis","Goodea atripinnis","FALSE",NA,NA,"Goodea atripinnis"
"73"," G. atripinnis","G  atripinnis","Goodea atripinnis","FALSE",NA,NA,"Goodea atripinnis"
"74","G. atripinnis","G  atripinnis","Goodea atripinnis","FALSE",NA,NA,"Goodea atripinnis"
"75"," G. cf. senilis","G  cf  senilis","Gambusia cf senilis","FALSE",NA,NA,"Gambusia cf senilis"
"76","G. fluviatilis","G  fluviatilis","Gobiesox fluviatilis","FALSE",NA,NA,"Gobiesox fluviatilis"
"77"," G. multiradiatus","G  multiradiatus","Girardinichthys multiradiatus","FALSE",NA,NA,"Girardinichthys multiradiatus"
"78","G. multiradiatus","G  multiradiatus","Girardinichthys multiradiatus","FALSE",NA,NA,"Girardinichthys multiradiatus"
"79","(G. multiradiatus)","G  multiradiatus ","Girardinichthys multiradiatus","FALSE",NA,NA,"Girardinichthys multiradiatus"
"80"," G. viviparus","G  viviparus","Girardinichthys viviparus","FALSE",NA,NA,"Girardinichthys viviparus"
"81","G. viviparus","G  viviparus","Girardinichthys viviparus","FALSE",NA,NA,"Girardinichthys viviparus"
"82","G. yucatana","G  yucatana","Gambusia yucatana","FALSE",NA,NA,"Gambusia yucatana"
"83"," Gila sp.","Gila sp ","Gila sp","FALSE",NA,NA,"Gila sp"
"84"," H. bimaculata","H  bimaculata","Heterandria bimaculata","TRUE","Pseudoxiphophorus bimaculatus",NA,"Pseudoxiphophorus bimaculatus"
"85","H. bimaculata","H  bimaculata","Heterandria bimaculata","TRUE","Pseudoxiphophorus bimaculatus",NA,"Pseudoxiphophorus bimaculatus"
"86"," H. boucardi","H  boucardi","Hybopsis boucardi","TRUE","Notropis boucardi",NA,"Notropis boucardi"
"87","H. boucardi","H  boucardi","Hybopsis boucardi","TRUE","Notropis boucardi",NA,"Notropis boucardi"
"88","H. burtoni","H  burtoni","Haplochromis burtoni","TRUE","Astatotilapia burtoni",NA,"Astatotilapia burtoni"
"89"," H. calientis","H  calientis","Hybopsis calientis","TRUE","Notropis calientis",NA,"Notropis calientis"
"90","H. cf. cyanoguttatus","H  cf  cyanoguttatus","Herichthys cf cyanoguttatus","FALSE",NA,NA,"Herichthys cf cyanoguttatus"
"91","H. cyanoguttatus","H  cyanoguttatus","Herichthys cyanoguttatus","FALSE",NA,NA,"Herichthys cyanoguttatus"
"92"," H. jonesii","H  jonesii","Heterandria jonesii","TRUE","Pseudoxiphophorus jonesii",NA,"Pseudoxiphophorus jonesii"
"93","H. jonesii","H  jonesii","Heterandria jonesii","TRUE","Pseudoxiphophorus jonesii",NA,"Pseudoxiphophorus jonesii"
"94"," H. turneri","H  turneri","Hubbsina turneri","FALSE",NA,NA,"Hubbsina turneri"
"95","Heterandria sp.","Heterandria sp","Heterandria sp","TRUE","Pseudoxiphophorus sp",NA,"Pseudoxiphophorus sp"
"96"," Heterandria sp.","Heterandria sp ","Heterandria sp","TRUE","Pseudoxiphophorus sp",NA,"Pseudoxiphophorus sp"
"97"," I. dugesii","I  dugesii","Ictalurus dugesii","FALSE",NA,NA,"Ictalurus dugesii"
"98"," I. furcidens","I  furcidens","Ilyodon furcidens","FALSE",NA,NA,"Ilyodon furcidens"
"99","I. furcidens","I  furcidens","Ilyodon furcidens","FALSE",NA,NA,"Ilyodon furcidens"
"100"," I. mexicanus","I  mexicanus","Ictalurus mexicanus","FALSE",NA,NA,"Ictalurus mexicanus"
"101"," I. whitei","I  whitei","Ilyodon whitei","FALSE",NA,NA,"Ilyodon whitei"
"102","I. whitei","I  whitei","Ilyodon whitei","FALSE",NA,NA,"Ilyodon whitei"
"103"," 'juiles'","juiles ","Rhamdia sp","FALSE",NA,NA,"Rhamdia sp"
"104"," L. macrochirus","L  macrochirus","Lepomis macrochirus","FALSE",NA,NA,"Lepomis macrochirus"
"105","L. macrochirus","L  macrochirus","Lepomis macrochirus","FALSE",NA,NA,"Lepomis macrochirus"
"106","L. macrochirus (1965)","L  macrochirus  1965","Lepomis macrochirus","FALSE",NA,NA,"Lepomis macrochirus"
"107"," M. aculeata","M  aculeata","Menidia aculeata","TRUE","Chirostoma aculeatum",NA,"Chirostoma aculeatum"
"108"," M. arge","M  arge","Menidia arge","TRUE","Chirostoma arge",NA,"Chirostoma arge"
"109"," M. attenuata","M  attenuata","Menidia attenuata","TRUE","Chirostoma attenuatum",NA,"Chirostoma attenuatum"
"110","M. attenuata","M  attenuata","Menidia attenuata","TRUE","Chirostoma attenuatum",NA,"Chirostoma attenuatum"
"111"," M. chapalae","M  chapalae","Menidia chapalae","TRUE","Chirostoma chapalae",NA,"Chirostoma chapalae"
"112"," M. charari","M  charari","Menidia charari","TRUE","Chirostoma charari",NA,"Chirostoma charari"
"113"," M. consocia","M  consocia","Menidia consocia","TRUE","Chirostoma consocium","ECF: Could be C chapalae or C reseratum","Chirostoma consocium"
"114"," M. estor","M  estor","Menidia estor","TRUE","Chirostoma estor",NA,"Chirostoma estor"
"115"," M. humboldtiana","M  humboldtiana","Menidia humboldtiana","TRUE","Chirostoma humboldtianum",NA,"Chirostoma humboldtianum"
"116"," M. jordani","M  jordani","Menidia jordani","TRUE","Chirostoma jordani",NA,"Chirostoma jordani"
"117","M. jordani","M  jordani","Menidia jordani","TRUE","Chirostoma jordani",NA,"Chirostoma jordani"
"118"," M. labarca","M  labarca","Menidia labarcae","TRUE","Chirostoma labarcae",NA,"Chirostoma labarcae"
"119"," M. mezquital","M  mezquital","Menidia mezquital","TRUE","Chirostoma mezquital",NA,"Chirostoma mezquital"
"120"," M. patzcuaro","M  patzcuaro","Menidia patzcuaro","TRUE","Chirostoma patzcuaro","ECF: Could be C attenuatum or C estor","Chirostoma patzcuaro"
"121"," M. riojai","M  riojai","Menidia riojai","TRUE","Chirostoma riojai",NA,"Chirostoma riojai"
"122","M. riojai","M  riojai","Menidia riojai","TRUE","Chirostoma riojai",NA,"Chirostoma riojai"
"123"," M. salmoides","M  salmoides","Micropterus salmoides","FALSE",NA,NA,"Micropterus salmoides"
"124","M. salmoides","M  salmoides","Micropterus salmoides","FALSE",NA,NA,"Micropterus salmoides"
"125"," Menidia sp.","Menidia sp ","Menidia sp","TRUE","Chirostoma sp",NA,"Chirostoma sp"
"126"," N. amecae","N  amecae","Notropis amecae","FALSE",NA,NA,"Notropis amecae"
"127","nada","nada","none",NA,NA,NA,"none"
"128","nada (localidad no propicia)","nada  localidad no propicia","none",NA,NA,NA,"none"
"129","ninguno","ninguno","none",NA,NA,NA,"none"
"130"," no era la localidad buscada","no era la localidad buscada","it was not the right locality",NA,NA,NA,"it was not the right locality"
"131"," no hay vida acuática","no hay vida acuatica","no aquatic life",NA,NA,NA,"no aquatic life"
"132"," O. aureus","O  aureus","Oreochromis aureus","FALSE",NA,NA,"Oreochromis aureus"
"133","O. aureus","O  aureus","Oreochromis aureus","FALSE",NA,NA,"Oreochromis aureus"
"134","O. aureus (sin georreferencia)","O  aureus  sin georreferencia","Oreochromis aureus","FALSE",NA,NA,"Oreochromis aureus"
"135","O. mossambicus","O  mossambicus","Oreochromis mossambicus","FALSE",NA,NA,"Oreochromis mossambicus"
"136"," O. niloticus","O  niloticus","Oreochromis niloticus","FALSE",NA,NA,"Oreochromis niloticus"
"137","O. niloticus","O  niloticus","Oreochromis niloticus","FALSE",NA,NA,"Oreochromis niloticus"
"138","observamos Oreochromis","observamos Oreochromis","Oreochromis sp","FALSE",NA,NA,"Oreochromis sp"
"139","Oreochromis sp.","Oreochromis sp","Oreochromis sp","FALSE",NA,NA,"Oreochromis sp"
"140"," Oreochromis sp.","Oreochromis sp ","Oreochromis sp","FALSE",NA,NA,"Oreochromis sp"
"141"," P. 'sphenops'","P   sphenops ","Poecilia sphenops","FALSE",NA,NA,"Poecilia sphenops"
"142"," P. baenschi","P  baenschi","Poeciliopsis baenschi","FALSE",NA,NA,"Poeciliopsis baenschi"
"143","P. baenschi","P  baenschi","Poeciliopsis baenschi","FALSE",NA,NA,"Poeciliopsis baenschi"
"144"," P. balsas","P  balsas","Poeciliopsis balsas","FALSE",NA,NA,"Poeciliopsis balsas"
"145"," P. balsas)","P  balsas ","Poeciliopsis balsas","FALSE",NA,NA,"Poeciliopsis balsas"
"146"," P. butleri","P  butleri","Poecilia butleri","FALSE",NA,NA,"Poecilia butleri"
"147","P. butleri","P  butleri","Poecilia butleri","FALSE",NA,NA,"Poecilia butleri"
"148"," P. butleri (1968)","P  butleri  1968 ","Poecilia butleri","FALSE",NA,NA,"Poecilia butleri"
"149"," P. cf. butleri","P  cf  butleri","Poecilia cf butleri","FALSE",NA,NA,"Poecilia cf butleri"
"150"," P. cf. sphenops","P  cf  sphenops","Poecilia cf sphenops","FALSE",NA,NA,"Poecilia cf sphenops"
"151"," P. chica","P  chica","Poecilia chica","FALSE",NA,NA,"Poecilia chica"
"152"," P. gracilis","P  gracilis","Poeciliopsis gracilis","FALSE",NA,NA,"Poeciliopsis gracilis"
"153"," P. infans","P  infans","Poeciliopsis infans","FALSE",NA,NA,"Poeciliopsis infans"
"154","P. infans","P  infans","Poeciliopsis infans","FALSE",NA,NA,"Poeciliopsis infans"
"155"," P. latipunctata","P  latipunctata","Poecilia latipunctata","FALSE",NA,NA,"Poecilia latipunctata"
"156"," P. mexicana","P  mexicana","Poecilia mexicana","FALSE",NA,NA,"Poecilia mexicana"
"157"," P. mexicana(?)","P  mexicana   ","Poecilia mexicana","FALSE",NA,NA,"Poecilia mexicana"
"158"," P. nigromaculatus","P  nigromaculatus","Pomoxis nigromaculatus","FALSE",NA,NA,"Pomoxis nigromaculatus"
"159"," P. reticulata","P  reticulata","Poecilia reticulata","FALSE",NA,NA,"Poecilia reticulata"
"160","P. reticulata","P  reticulata","Poecilia reticulata","FALSE",NA,NA,"Poecilia reticulata"
"161"," P. sphenops","P  sphenops","Poecilia sphenops","FALSE",NA,NA,"Poecilia sphenops"
"162"," P. turneri","P  turneri","Poeciliopsis turneri","FALSE",NA,NA,"Poeciliopsis turneri"
"163"," P. turrubarensis","P  turrubarensis","Poeciliopsis turrubarensis","FALSE",NA,NA,"Poeciliopsis turrubarensis"
"164"," (P. turrubarensis)","P  turrubarensis ","Poeciliopsis turrubarensis","FALSE",NA,NA,"Poeciliopsis turrubarensis"
"165"," P. viriosa","P  viriosa","Poeciliopsis viriosa","FALSE",NA,NA,"Poeciliopsis viriosa"
"166"," P.cf. butleri","P cf  butleri","Poecilia cf butleri","FALSE",NA,NA,"Poecilia cf butleri"
"167","peces 'limpiadores'","peces  limpiadores","peces  limpiadores","FALSE",NA,NA,"peces  limpiadores"
"168"," Poecilia cf. butleri","Poecilia cf  butleri","Poecilia cf butleri","FALSE",NA,NA,"Poecilia cf butleri"
"169","Poecilia cf. butleri","Poecilia cf  butleri","Poecilia cf butleri","FALSE",NA,NA,"Poecilia cf butleri"
"170"," Poecilia cf. sphenops","Poecilia cf  sphenops","Poecilia cf sphenops","FALSE",NA,NA,"Poecilia cf sphenops"
"171"," Poecilia sp.","Poecilia sp ","Poecilia sp","FALSE",NA,NA,"Poecilia sp"
"172"," Poeciliopsis sp.","Poeciliopsis sp ","Poeciliopsis sp","FALSE",NA,NA,"Poeciliopsis sp"
"173"," S. austrinus","S  austrinus","Scartomyzon austrinus","TRUE","Moxostoma austrinum","ECF: Could be M austrinum or M milleri","Moxostoma austrinum"
"174","S. austrinus","S  austrinus","Scartomyzon austrinus","TRUE","Moxostoma austrinum","ECF: Could be M austrinum or M milleri","Moxostoma austrinum"
"175"," S. bilineata","S  bilineata","Skiffia bilineata","FALSE",NA,NA,"Skiffia bilineata"
"176"," S. francesae","S  francesae","Skiffia francesae","FALSE",NA,NA,"Skiffia francesae"
"177"," S. francesae*","S  francesae ","Skiffia francesae","FALSE",NA,NA,"Skiffia francesae"
"178"," S. lermae","S  lermae","Skiffia lermae","FALSE",NA,NA,"Skiffia lermae"
"179","S. lermae","S  lermae","Skiffia lermae","FALSE",NA,NA,"Skiffia lermae"
"180"," S. multipunctatum","S  multipunctatum","Sicydium multipunctatum","FALSE",NA,NA,"Sicydium multipunctatum"
"181","S. multipunctatum","S  multipunctatum","Sicydium multipunctatum","FALSE",NA,NA,"Sicydium multipunctatum"
"182","son aguas negras","son aguas negras","foul water",NA,NA,NA,"foul water"
"183"," 'trompos'","trompos ","trompos","FALSE",NA,NA,"trompos"
"184"," trucha arcoiris","trucha arcoiris","Oncorhynchus mykiss","FALSE",NA,NA,"Oncorhynchus mykiss"
"185","trucha arcoiris","trucha arcoiris","Oncorhynchus mykiss","FALSE",NA,NA,"Oncorhynchus mykiss"
"186"," X. captivus","X  captivus","Xenoophorus captivus","FALSE",NA,NA,"Xenoophorus captivus"
"187","X. captivus","X  captivus","Xenoophorus captivus","FALSE",NA,NA,"Xenoophorus captivus"
"188"," X. eiseni","X  eiseni","Xenotoca eiseni","FALSE",NA,NA,"Xenotoca eiseni"
"189"," X. hellerii","X  hellerii","Xiphophorus hellerii","FALSE",NA,NA,"Xiphophorus hellerii"
"190","X. hellerii","X  hellerii","Xiphophorus hellerii","FALSE",NA,NA,"Xiphophorus hellerii"
"191"," X. maculatus","X  maculatus","Xiphophorus maculatus","FALSE",NA,NA,"Xiphophorus maculatus"
"192","X. maculatus","X  maculatus","Xiphophorus maculatus","FALSE",NA,NA,"Xiphophorus maculatus"
"193"," X. melanosoma","X  melanosoma","Xenotoca melanosoma","FALSE",NA,NA,"Xenotoca melanosoma"
"194"," X. resolanae","X  resolanae","Xenotaenia resolanae","FALSE",NA,NA,"Xenotaenia resolanae"
"195"," X. resolanane","X  resolanane","Xenotaenia resolanae","FALSE",NA,NA,"Xenotaenia resolanae"
"196","  X. variata","X  variata","Xenotoca variata","FALSE",NA,NA,"Xenotoca variata"
"197"," X. variata","X  variata","Xenotoca variata","FALSE",NA,NA,"Xenotoca variata"
"198","X. variata","X  variata","Xenotoca variata","FALSE",NA,NA,"Xenotoca variata"
"199"," Xiphophorus variatus","Xiphophorus variatus","Xiphophorus variatus","FALSE",NA,NA,"Xiphophorus variatus"
"200"," Y. alta","Y  alta","Yuriria alta","FALSE",NA,NA,"Yuriria alta"
"201"," Y. chapalae","Y  chapalae","Yuriria chapalae","FALSE",NA,NA,"Yuriria chapalae"
"202","ya no existe","ya no existe","ceased to exist",NA,NA,NA,"ceased to exist"
"203"," Z. quitzeoensis","Z  quitzeoensis","Zoogoneticus quitzeoensis","FALSE",NA,NA,"Zoogoneticus quitzeoensis"
"204","Z. quitzeoensis","Z  quitzeoensis","Zoogoneticus quitzeoensis","FALSE",NA,NA,"Zoogoneticus quitzeoensis"
"205"," Z. tequila","Z  tequila","Zoogoneticus tequila","FALSE",NA,NA,"Zoogoneticus tequila"
